loss,mape,val_loss,val_mape
0.003932378254830837,669712.5,0.0020756979938596487,566595.1875
0.001836252398788929,461413.9375,0.0014291784027591348,367331.09375
