loss,mape,val_loss,val_mape
0.005328851286321878,767878.125,0.002537937369197607,507694.75
0.002639836398884654,595071.5,0.0023903276305645704,464188.3125
