loss,mape,val_loss,val_mape
0.0050557395443320274,725686.9375,0.002787170931696892,598823.6875
0.002732873661443591,601669.0625,0.0025250986218452454,510655.21875
