loss,mape,val_loss,val_mape
0.0052979495376348495,753856.5625,0.0028626923449337482,629248.3125
0.002760923933237791,598052.0625,0.0024450835771858692,555169.25
