loss,mape,val_loss,val_mape
0.007297956384718418,873097.8125,0.0032383829820901155,535781.1875
0.00307096098549664,577642.125,0.002851747442036867,492567.0625
