loss,mape,val_loss,val_mape
0.007600205019116402,864807.5,0.0032035699114203453,589338.0625
0.003060115035623312,571024.4375,0.0029164047446101904,456203.75
