loss,mape,val_loss,val_mape
0.008463999256491661,915914.1875,0.0026666733901947737,566033.125
0.0026932894252240658,571874.8125,0.002471194602549076,553570.75
