loss,mape,val_loss,val_mape
0.007141809444874525,718233.6875,0.002566614653915167,425264.6875
0.0026756804436445236,460841.625,0.0023962422274053097,338290.90625
