loss,mape,val_loss,val_mape
0.00739899929612875,762200.6875,0.0023781622294336557,493947.625
0.002549117896705866,481556.65625,0.0017049615271389484,483639.46875
