loss,mape,val_loss,val_mape
0.03162967413663864,199587.078125,0.007837186567485332,345154.96875
0.0071129826828837395,71276.0859375,0.006958006415516138,275778.6875
