loss,mape,val_loss,val_mape
0.005155103746801615,646156.9375,0.0021290630102157593,277607.9375
0.0015902752056717873,324449.125,0.001283633173443377,232772.234375
