loss,mape,val_loss,val_mape
0.005029091611504555,652950.0625,0.0018611826235428452,475905.4375
0.0016368821961805224,344296.375,0.0012171936687082052,289323.5
