loss,mape,val_loss,val_mape
0.03641819208860397,229769.546875,0.01253050658851862,313240.90625
0.011094281449913979,80426.4375,0.011294951662421227,267546.25
