loss,mape,val_loss,val_mape
0.06288358569145203,155441.09375,0.045663416385650635,1057776.125
0.05263539031147957,215610.265625,0.045766569674015045,1066318.125
