loss,mape,val_loss,val_mape
0.006069261580705643,632855.75,0.002914125332608819,404767.65625
0.002608207054436207,427278.46875,0.0019438641611486673,374359.1875
